{
    "TotalTime": 14.849534047998338,
    "Path": [
        [
            0,
            0
        ],
        [
            -64.4138492340624,
            106.46876093742888
        ],
        [
            -48.75119119879533,
            76.5529747782672
        ],
        [
            -13.32621243886527,
            -104.0769873646588
        ],
        [
            -2.463621523194611,
            -28.912624184808564
        ],
        [
            0.7583833677137068,
            3.798674782741997
        ],
        [
            7.229251077091922,
            -10.286957831257034
        ],
        [
            13.081836101349339,
            69.62406291135035
        ],
        [
            82.1011922165147,
            13.009238776038373
        ],
        [
            99.10511681364653,
            60.25206934836805
        ],
        [
            105.13824853300204,
            4.295488371931796
        ]
    ]
}